time,depth_voltage
0.0,-0.00869133701689896
0.010101010101010102,0.1140869851308744
0.020202020202020204,0.2757522377276809
0.030303030303030304,0.3164922732174424
0.04040404040404041,0.39827113400399433
0.05050505050505051,0.5340320369175549
0.06060606060606061,0.8600133775408597
0.07070707070707072,0.7758954654537618
0.08080808080808081,0.869559515621395
0.09090909090909091,0.7802656636296399
0.10101010101010102,0.9148728215675543
0.11111111111111112,0.9644283967989153
0.12121212121212122,1.0812405851400002
0.13131313131313133,1.0016298116426539
0.14141414141414144,0.9843790784958124
0.15151515151515152,0.9420503946599852
0.16161616161616163,0.7487977725625141
0.17171717171717174,0.8041812986933761
0.18181818181818182,0.8165549966047012
0.19191919191919193,0.6639324689446838
0.20202020202020204,0.7141182818116685
0.21212121212121213,0.36321758141751864
0.22222222222222224,0.5712042203079396
0.23232323232323235,0.041039571086835924
0.24242424242424243,-0.18060063041055702
0.25252525252525254,-0.019278022121194872
0.26262626262626265,-0.3089749094734581
0.27272727272727276,-0.3803545872957785
0.2828282828282829,-0.3011989698163104
0.29292929292929293,-0.6163014205439453
0.30303030303030304,-0.5281475499289396
0.31313131313131315,-0.6644244720033387
0.32323232323232326,-0.6711825481375338
0.33333333333333337,-0.7606331105582582
0.3434343434343435,-0.8239231313357582
0.3535353535353536,-0.9067013862859904
0.36363636363636365,-0.9425678340485035
0.37373737373737376,-1.0712462759294936
0.38383838383838387,-0.9536965293090081
0.393939393939394,-0.9049240144309516
0.4040404040404041,-0.9554815204949859
0.4141414141414142,-0.8571876544685959
0.42424242424242425,-0.6723381998996508
0.43434343434343436,-0.7409624874077717
0.4444444444444445,-0.5723316980701401
0.4545454545454546,-0.5533391181703441
0.4646464646464647,-0.4854543264501441
0.4747474747474748,-0.39221905092328485
0.48484848484848486,-0.17483031039732802
0.494949494949495,-0.09258882591937259
0.5050505050505051,0.04036033566945195
0.5151515151515152,-0.03429289915215372
0.5252525252525253,0.24301011012325968
0.5353535353535354,0.5524856273074948
0.5454545454545455,0.5294943073458399
0.5555555555555556,0.7589685399104713
0.5656565656565657,0.5446881534163681
0.5757575757575758,0.9295633419736801
0.5858585858585859,0.8814527253659443
0.595959595959596,0.8499655041800074
0.6060606060606061,0.8089940580398477
0.6161616161616162,0.9073145600981614
0.6262626262626263,1.0455713033158835
0.6363636363636365,0.9717741014411558
0.6464646464646465,0.9455298772201169
0.6565656565656566,0.8772040133742438
0.6666666666666667,0.7419826725937361
0.6767676767676768,0.7230086448988764
0.686868686868687,0.7152833691463646
0.696969696969697,0.5817239763475787
0.7070707070707072,0.42083420660993004
0.7171717171717172,0.3400331826107906
0.7272727272727273,0.30931665967937605
0.7373737373737375,0.15701097118364538
0.7474747474747475,-0.007499688524510488
0.7575757575757577,-0.2099158711664102
0.7676767676767677,-0.22266814914658944
0.7777777777777778,-0.3356330948443873
0.787878787878788,-0.22169978137767327
0.797979797979798,-0.4222119849987938
0.8080808080808082,-0.5179558130113576
0.8181818181818182,-0.8323244482425756
0.8282828282828284,-0.8716639050004762
0.8383838383838385,-0.7175536674988638
0.8484848484848485,-1.0793634707630495
0.8585858585858587,-0.9891220491193305
0.8686868686868687,-0.9458222345442712
0.8787878787878789,-1.092401868116915
0.888888888888889,-1.022635442878825
0.8989898989898991,-1.0088948543266225
0.9090909090909092,-1.0153272571659377
0.9191919191919192,-1.026350479531215
0.9292929292929294,-0.6672358424959053
0.9393939393939394,-0.4693216726445396
0.9494949494949496,-0.5387536311211801
0.9595959595959597,-0.407900959272332
0.9696969696969697,-0.3409915006656737
0.9797979797979799,-0.1511287262161239
0.98989898989899,-0.12998939335668994
1.0,-0.007498536987073748
