time,pose_voltage
0.0,1.0227855023497014
0.010101010101010102,1.004192481347355
0.020202020202020204,0.9259923476532568
0.030303030303030304,0.9461114944004421
0.04040404040404041,0.8236848710315325
0.05050505050505051,0.8174912752773625
0.06060606060606061,0.7449407480047545
0.07070707070707072,0.6720331207055699
0.08080808080808081,0.44843738638306374
0.09090909090909091,0.29641898486684654
0.10101010101010102,0.5075484341618268
0.11111111111111112,0.1928487769530035
0.12121212121212122,0.05898982659179248
0.13131313131313133,-0.08706050825208553
0.14141414141414144,-0.05729039702598829
0.15151515151515152,-0.41957153396663666
0.16161616161616163,-0.2832574646930032
0.17171717171717174,-0.6580514806925704
0.18181818181818182,-0.5577631539897342
0.19191919191919193,-0.7089004024309907
0.20202020202020204,-1.031006423920529
0.21212121212121213,-0.6935563727003587
0.22222222222222224,-1.081980189723782
0.23232323232323235,-0.8764478612581126
0.24242424242424243,-1.263217898578967
0.25252525252525254,-0.9786226039398686
0.26262626262626265,-1.0776285769953382
0.27272727272727276,-0.8001656423120087
0.2828282828282829,-0.8167485098388573
0.29292929292929293,-0.9028245266487199
0.30303030303030304,-0.8462025822194701
0.31313131313131315,-0.7165459872523747
0.32323232323232326,-0.6949791079014457
0.33333333333333337,-0.4685163815548806
0.3434343434343435,-0.3956524816124729
0.3535353535353536,-0.41984085388150194
0.36363636363636365,-0.27621286069742756
0.37373737373737376,0.15079193059721252
0.38383838383838387,0.049618285655390136
0.393939393939394,0.1633202667940289
0.4040404040404041,0.3563857263187963
0.4141414141414142,0.4996268931998733
0.42424242424242425,0.48217965507923544
0.43434343434343436,0.6188219614954021
0.4444444444444445,0.8254868880638359
0.4545454545454546,0.6517841015478878
0.4646464646464647,0.7194685074497187
0.4747474747474748,1.0981100669218091
0.48484848484848486,0.8573317022162421
0.494949494949495,1.1163258567425929
0.5050505050505051,0.9489706558920922
0.5151515151515152,0.8778251279907368
0.5252525252525253,0.8639461338429748
0.5353535353535354,0.8529688464147072
0.5454545454545455,0.7699680271377785
0.5555555555555556,0.68240921810424
0.5656565656565657,0.6814542861340068
0.5757575757575758,0.5418223813963363
0.5858585858585859,0.4480085597625803
0.595959595959596,0.25020102389937804
0.6060606060606061,0.30190657357243095
0.6161616161616162,0.19750599013163606
0.6262626262626263,-0.1616805215960273
0.6363636363636365,-0.22894223780792217
0.6464646464646465,-0.2300799595461997
0.6565656565656566,-0.25239756633906607
0.6666666666666667,-0.4150587608483121
0.6767676767676768,-0.6918885046549763
0.686868686868687,-0.7392556207319116
0.696969696969697,-0.8399953724212693
0.7070707070707072,-0.942000773461656
0.7171717171717172,-0.8267382012047562
0.7272727272727273,-1.0239578011118817
0.7373737373737375,-1.0951479774676838
0.7474747474747475,-1.07937395053767
0.7575757575757577,-0.896126998690879
0.7676767676767677,-1.0559940371735221
0.7777777777777778,-0.8941435552239534
0.787878787878788,-0.8772717108497985
0.797979797979798,-0.8985746131616271
0.8080808080808082,-0.8256653080301919
0.8181818181818182,-0.6685819430301242
0.8282828282828284,-0.5023757003497743
0.8383838383838385,-0.22743318328134915
0.8484848484848485,-0.28047565161053395
0.8585858585858587,-0.05464961158311457
0.8686868686868687,-0.047675639632884535
0.8787878787878789,0.11371087296941497
0.888888888888889,0.3360533024859137
0.8989898989898991,0.2552188177058104
0.9090909090909092,0.30929448784511804
0.9191919191919192,0.5037645709556888
0.9292929292929294,0.6768416075861448
0.9393939393939394,0.6397665271601416
0.9494949494949496,0.7728993453028921
0.9595959595959597,1.0916382061534773
0.9696969696969697,0.9129535957470868
0.9797979797979799,1.0810570064323983
0.98989898989899,0.9136895691406821
1.0,1.040047258645857
