time,zero_shot_error
0.0,1.008161224217242
0.010101010101010102,0.872339880176499
0.020202020202020204,0.6734812396916059
0.030303030303030304,0.7208409052505946
0.04040404040404041,0.28770298734930994
0.05050505050505051,0.25477568868391204
0.06060606060606061,0.0912647673332738
0.07070707070707072,0.13672073373690077
0.08080808080808081,0.4222485367773802
0.09090909090909091,0.4519927032939698
0.10101010101010102,0.25850353976213125
0.11111111111111112,0.7821679199123006
0.12121212121212122,1.0837327449089043
0.13131313131313133,1.1152801102048002
0.14141414141414144,1.0413098499308178
0.15151515151515152,1.3604496677694604
0.16161616161616163,1.0920298820913583
0.17171717171717174,1.5589450263740734
0.18181818181818182,1.3174565031301375
0.19191919191919193,1.3202745856882803
0.20202020202020204,1.7910778510214589
0.21212121212121213,1.1833784722647713
0.22222222222222224,1.6700530384841736
0.23232323232323235,0.9655858613107923
0.24242424242424243,1.1166522290179461
0.25252525252525254,0.9502943226960322
0.26262626262626265,0.7370582094571979
0.27272727272727276,0.42805743218107917
0.2828282828282829,0.46410552662774884
0.29292929292929293,0.2752289140211756
0.30303030303030304,0.3448117854604763
0.31313131313131315,0.032698138872975444
0.32323232323232326,0.053306101506257836
0.33333333333333337,0.34930912574693673
0.3434343434343435,0.40567810136612154
0.3535353535353536,0.42966679650350453
0.36363636363636365,0.6704075674293463
0.37373737373737376,1.1656950524472436
0.38383838383838387,0.9008504449655655
0.393939393939394,1.0395838768566885
0.4040404040404041,1.316436023638045
0.4141414141414142,1.3232901621582909
0.42424242424242425,1.164901533593297
0.43434343434343436,1.4406518683128455
0.4444444444444445,1.484318639655698
0.4545454545454546,1.233291907821415
0.4646464646464647,1.1399659416281924
0.4747474747474748,1.4216692278544665
0.48484848484848486,1.1096317320456797
0.494949494949495,1.2099622415412254
0.5050505050505051,0.8725636076380628
0.5151515151515152,0.8792676431044235
0.5252525252525253,0.6130348948701838
0.5353535353535354,0.20826134546724523
0.5454545454545455,0.21466033989809438
0.5555555555555556,0.13673086871954365
0.5656565656565657,0.18947493801204385
0.5757575757575758,0.3847533413857715
0.5858585858585859,0.49912725728182966
0.595959595959596,0.6095214441454959
0.6060606060606061,0.5724885168163457
0.6161616161616162,0.6641097911350671
0.6262626262626263,1.1470957775152382
0.6363636363636365,1.269739200509446
0.6464646464646465,1.1467486986573476
0.6565656565656566,1.1868613581204945
0.6666666666666667,1.0984677977765114
0.6767676767676768,1.309038143007894
0.686868686868687,1.4416934063197149
0.696969696969697,1.4302204114332169
0.7070707070707072,1.304862627137067
0.7171717171717172,1.167379513977427
0.7272727272727273,1.2782986909034775
0.7373737373737375,1.3266216486653768
0.7474747474747475,1.1622737036067103
0.7575757575757577,0.6951512259759889
0.7676767676767677,0.7823727054687849
0.7777777777777778,0.5672993867885765
0.787878787878788,0.6910841960099672
0.797979797979798,0.5204785411302657
0.8080808080808082,0.3040254254784271
0.8181818181818182,0.15772646599678133
0.8282828282828284,0.31638371857421266
0.8383838383838385,0.4546657386817405
0.8484848484848485,0.7374371696693874
0.8585858585858587,1.0117252569780113
0.8686868686868687,0.9686301898628666
0.8787878787878789,1.2240884245455623
0.888888888888889,1.3445813888362637
0.8989898989898991,1.2546440008299977
0.9090909090909092,1.2964870821091283
0.9191919191919192,1.611026139624474
0.9292929292929294,1.3997774856411482
0.9393939393939394,1.101938459323909
0.9494949494949496,1.3617252497888084
0.9595959595959597,1.4703082351836618
0.9696969696969697,1.310167780644855
0.9797979797979799,1.170235490373405
0.98989898989899,1.0214095441179825
1.0,1.0771081043973767
